INTERVAL_DATETIME,REGIONID,RRP,ROP,EXCESSGENERATION,RAISE6SECRRP,RAISE6SECROP,RAISE60SECRRP,RAISE60SECROP,RAISE5MINRRP,RAISE5MINROP,RAISEREGRRP,RAISEREGROP,LOWER6SECRRP,LOWER6SECROP,LOWER60SECRRP,LOWER60SECROP,LOWER5MINRRP,LOWER5MINROP,LOWERREGRRP,LOWERREGROP,TOTALDEMAND,AVAILABLEGENERATION,AVAILABLELOAD,DEMANDFORECAST,DISPATCHABLEGENERATION,DISPATCHABLELOAD,NETINTERCHANGE,HOUR,DAY_OF_WEEK,MONTH,TOTALINTERMITTENTGENERATION,DEMAND_AND_NONSCHEDGEN,UIGF,SEMISCHEDULE_CLEAREDMW,SEMISCHEDULE_COMPLIANCEMW,SS_SOLAR_UIGF,SS_WIND_UIGF,SS_SOLAR_CLEAREDMW,SS_WIND_CLEAREDMW,SS_SOLAR_COMPLIANCEMW,SS_WIND_COMPLIANCEMW,WDR_INITIALMW,WDR_AVAILABLE,WDR_DISPATCHED
2023-02-01 00:05:00,0,120.06018,0.481340887086772,0.0,0.0,0.0,-0.4658824299910614,-0.4658824299910614,-0.29488391230979427,-0.29488391230979427,0.6389134563817163,0.6389134563817163,-1.3274981692769245,-1.3274981692769245,0.26278409544754927,0.26278409544754927,-5.551115123125783e-17,-5.551115123125783e-17,0.2948839123097629,0.2948839123097629,1.183384242606404,1.1827314335426808,-0.17521310767998244,-0.1429592551564116,0.9937795832865902,1.7795130420052188,-0.902157470775645,0,2,2,-0.727114850023681,1.1694615846465217,-0.43828939950468,-0.43862834395442685,0.0,0.0,-0.43828939950468,0.0,-0.43862834395442685,0.0,0.0,0.0,-0.3692744729379982,0.0
2023-02-01 00:10:00,0,120.06018,0.481340887086772,0.0,0.0,0.0,-0.4658824299910614,-0.4658824299910614,-0.29488391230979427,-0.29488391230979427,0.6389134563817163,0.6389134563817163,-1.3274981692769245,-1.3274981692769245,-1.7422244250126484,-1.7422244250126484,-5.551115123125783e-17,-5.551115123125783e-17,0.2948839123097629,0.2948839123097629,1.1634177709131386,1.1838141050582747,-0.17521310767998244,-1.6125535755212546,1.0035074249958926,1.7795130420052188,-0.7516634407605843,0,2,2,-0.727114850023681,1.1518134518920835,-0.42387859856207993,-0.4242362934599731,0.0,0.0,-0.42387859856207993,0.0,-0.4242362934599731,0.0,0.0,0.0,-0.3692744729379982,0.0
2023-02-01 00:15:00,0,120.06018,0.481340887086772,0.0,0.0,0.0,-0.4658824299910614,-0.4658824299910614,-0.29488391230979427,-0.29488391230979427,0.6389134563817163,0.6389134563817163,-1.3274981692769245,-1.3274981692769245,-1.7422244250126484,-1.7422244250126484,-5.551115123125783e-17,-5.551115123125783e-17,0.2948839123097629,0.2948839123097629,1.1512409092526716,1.1840987752147243,-0.17521310767998244,-0.6111622596047129,1.0043264092979012,1.7795130420052188,-0.6860065389219427,0,2,2,-0.727114850023681,1.1412137522762693,-0.42008952228196583,-0.4204521472929454,0.0,0.0,-0.42008952228196583,0.0,-0.4204521472929454,0.0,0.0,0.0,-0.3692744729379982,0.0
2023-02-01 00:20:00,0,120.06018,0.481340887086772,0.0,0.0,0.0,-0.4658824299910614,-0.4658824299910614,-0.29488391230979427,-0.29488391230979427,0.6389134563817163,0.6389134563817163,-1.3274981692769245,-1.3274981692769245,0.26278409544754927,0.26278409544754927,-5.551115123125783e-17,-5.551115123125783e-17,0.2948839123097629,0.2948839123097629,1.1277202576693786,1.1843122778320614,-0.17521310767998244,-2.0695745583057072,0.9825175878847932,1.7795130420052188,-0.6787353465602853,0,2,2,-0.727114850023681,1.1179160530477805,-0.4172477150718802,-0.4176140376676746,0.0,0.0,-0.4172477150718802,0.0,-0.4176140376676746,0.0,0.0,0.0,-0.3692744729379982,0.0
2023-02-01 00:25:00,0,118.99,0.353409546200085,0.0,0.0,0.0,-0.4658824299910614,-0.4658824299910614,-0.29488391230979427,-0.29488391230979427,0.6389134563817163,0.6389134563817163,-1.3274981692769245,-1.3274981692769245,-1.7422244250126484,-1.7422244250126484,-5.551115123125783e-17,-5.551115123125783e-17,0.2948839123097629,0.2948839123097629,1.1160066461807772,1.1844674590364794,-0.17521310767998244,-0.5516679005830172,0.9480356572725308,1.7795130420052188,-0.795840847325465,0,2,2,-0.727114850023681,1.1064623491975165,-0.41518218973506715,-0.4155511998654321,0.0,0.0,-0.41518218973506715,0.0,-0.4155511998654321,0.0,0.0,0.0,-0.3692744729379982,0.0
2023-02-01 00:30:00,0,118.99,0.353409546200085,0.0,0.0,0.0,-0.4658824299910614,-0.4658824299910614,-0.29488391230979427,-0.29488391230979427,0.6389134563817163,0.6389134563817163,-1.3274981692769245,-1.3274981692769245,0.26278409544754927,0.26278409544754927,-5.551115123125783e-17,-5.551115123125783e-17,0.2948839123097629,0.2948839123097629,1.0932762448906665,1.1845763941866012,-0.17521310767998244,-1.9677020882776146,0.9221857443035029,1.7795130420052188,-0.8132131015084519,0,2,2,-0.727114850023681,1.0841500394703156,-0.4137322183065757,-0.4141031150506127,0.0,0.0,-0.4137322183065757,0.0,-0.4141031150506127,0.0,0.0,0.0,-0.3692744729379982,0.0
2023-02-01 00:35:00,0,120.06018,0.481340887086772,0.0,0.0,0.0,-0.4658824299910614,-0.4658824299910614,-0.29488391230979427,-0.29488391230979427,0.6389134563817163,0.6389134563817163,0.7726238304117979,0.7726238304117979,0.6467218972377997,0.6467218972377997,-5.551115123125783e-17,-5.551115123125783e-17,0.2948839123097629,0.2948839123097629,1.0925521731934649,1.1846208417832307,-0.17521310767998244,0.8601976694604307,0.9121156978858497,1.7795130420052188,-0.8610261042541615,0,2,2,-0.727114850023681,1.0829946219766484,-0.41314060260579977,-0.41351226912381145,0.0,0.0,-0.41314060260579977,0.0,-0.41351226912381145,0.0,0.0,0.0,-0.3692744729379982,0.0
2023-02-01 00:40:00,0,120.06018,0.481340887086772,0.0,0.0,0.0,-0.4658824299910614,-0.4658824299910614,-0.29488391230979427,-0.29488391230979427,0.6389134563817163,0.6389134563817163,0.7726238304117979,0.7726238304117979,0.6467218972377997,0.6467218972377997,-5.551115123125783e-17,-5.551115123125783e-17,0.2948839123097629,0.2948839123097629,1.074080559197648,1.1846033710516075,-0.17521310767998244,-1.4203118588250336,0.8849123460703103,1.7795130420052188,-0.9068149642613553,0,2,2,-0.727114850023681,1.064894369333384,-0.41337314519338814,-0.4137445091412826,0.0,0.0,-0.41337314519338814,0.0,-0.4137445091412826,0.0,0.0,0.0,-0.3692744729379982,0.0
2023-02-01 00:45:00,0,118.99,0.353409546200085,0.0,0.0,0.0,-0.4658824299910614,-0.4658824299910614,-0.29488391230979427,-0.29488391230979427,-1.5795360449437545,-1.5795360449437545,0.7726238304117979,0.7726238304117979,0.6467218972377997,0.6467218972377997,-5.551115123125783e-17,-5.551115123125783e-17,0.2948839123097629,0.2948839123097629,1.0561422668282647,1.184548389631499,-0.17521310767998244,-1.3516127197330252,0.857920469074538,1.7795130420052188,-0.9542152777108626,0,2,2,-0.727114850023681,1.0462801684404284,-0.41410497039550404,-0.41447538213744134,0.0,0.0,-0.41410497039550404,0.0,-0.41447538213744134,0.0,0.0,0.0,-0.3692744729379982,0.0
2023-02-01 00:50:00,0,118.0,0.23506307413200442,0.0,0.0,0.0,-0.4658824299910614,-0.4658824299910614,-0.29488391230979427,-0.29488391230979427,0.6389134563817163,0.6389134563817163,0.7726238304117979,0.7726238304117979,0.6467218972377997,0.6467218972377997,-5.551115123125783e-17,-5.551115123125783e-17,0.2948839123097629,0.2948839123097629,1.0371606883575368,1.1844628344310497,-0.17521310767998244,-1.485856016771081,0.8199626614246436,1.7795130420052188,-1.052415678335733,0,2,2,-0.727114850023681,1.0283847222425293,-0.41524374512589923,-0.41561267516417433,0.0,0.0,-0.41524374512589923,0.0,-0.41561267516417433,0.0,0.0,0.0,-0.3692744729379982,0.0
2023-02-01 00:55:00,0,118.0,0.23506307413200442,0.0,0.0,0.0,-0.4658824299910614,-0.4658824299910614,-0.29488391230979427,-0.29488391230979427,-1.5795360449437545,-1.5795360449437545,0.7726238304117979,0.7726238304117979,0.6467218972377997,0.6467218972377997,-5.551115123125783e-17,-5.551115123125783e-17,0.2948839123097629,0.2948839123097629,1.0173460381491684,1.1843495315980228,-0.17521310767998244,-1.5934996107317236,0.7871802193639666,1.7795130420052188,-1.1199002042004127,0,2,2,-0.727114850023681,1.0087387605776368,-0.4167518522012877,-0.4171188199833614,0.0,0.0,-0.4167518522012877,0.0,-0.4171188199833614,0.0,0.0,0.0,-0.3692744729379982,0.0
2023-02-01 01:00:00,0,109.04014,-0.8360155331648835,0.0,0.0,0.0,-0.08854311016405729,-0.08854311016405729,3.391164991562634,3.391164991562634,0.6389134563817163,0.6389134563817163,0.7726238304117979,0.7726238304117979,0.26278409544754927,0.26278409544754927,-5.551115123125783e-17,-5.551115123125783e-17,-3.391164991562666,-3.391164991562666,0.9929845291110604,1.1842118211252277,-0.17521310767998244,-2.177129096344374,0.7303280978170318,1.7795130420052188,-1.2875110140722401,1,2,2,-0.727114850023681,0.9883238086744843,-0.4185848349505126,-0.41894941776813294,0.0,0.0,-0.4185848349505126,0.0,-0.41894941776813294,0.0,0.0,0.0,-0.3692744729379982,0.0
2023-02-01 00:05:00,1,125.69268,1.1546605880195666,0.0,0.0,0.0,-0.4658824299910614,-0.4658824299910614,-0.29488391230979427,-0.29488391230979427,0.6389134563817163,0.6389134563817163,-1.3274981692769245,-1.3274981692769245,0.26278409544754927,0.26278409544754927,-5.551115123125783e-17,-5.551115123125783e-17,0.2948839123097629,0.2948839123097629,0.9178951798243773,0.5385164464344313,-1.0219679031594515,0.6589603040162902,0.9434216612048775,-0.5619514869490164,0.19048657059773882,0,2,2,0.7642216767435148,0.9202798156416837,-1.021112938623423,-1.0206935489186544,0.0,0.0,-1.021112938623423,0.0,-1.0206935489186544,0.0,0.0,0.0,-0.3692744729379982,0.0
2023-02-01 00:10:00,1,128.20928,1.45549971085445,0.0,0.0,0.0,-0.4658824299910614,-0.4658824299910614,-0.29488391230979427,-0.29488391230979427,0.6389134563817163,0.6389134563817163,-1.3274981692769245,-1.3274981692769245,-1.7422244250126484,-1.7422244250126484,-5.551115123125783e-17,-5.551115123125783e-17,0.2948839123097629,0.2948839123097629,0.9094165338216607,0.5390937513455701,-1.0219679031594515,-0.13602339983981504,0.8962204814327839,-0.5619514869490164,-0.007938373390517577,0,2,2,0.7642216767435148,0.9128410909750987,-1.013428774001206,-1.013019382458987,0.0,0.0,-1.013428774001206,0.0,-1.013019382458987,0.0,0.0,0.0,-0.3692744729379982,0.0
2023-02-01 00:15:00,1,129.06215,1.557453403412737,0.0,0.0,0.0,-0.4658824299910614,-0.4658824299910614,-0.29488391230979427,-0.29488391230979427,0.6389134563817163,0.6389134563817163,-1.3274981692769245,-1.3274981692769245,-1.7422244250126484,-1.7422244250126484,-5.551115123125783e-17,-5.551115123125783e-17,0.2948839123097629,0.2948839123097629,0.893525885069095,0.5394647474700407,-1.0219679031594515,-1.0887881811007512,0.8617808457844747,-0.5619514869490164,-0.10376089759441359,0,2,2,0.7642216767435148,0.8976776854729275,-1.0084906637588913,-1.0080876973821027,0.0,0.0,-1.0084906637588913,0.0,-1.0080876973821027,0.0,0.0,0.0,-0.3692744729379982,0.0
2023-02-01 00:20:00,1,129.07798,1.5593457515469158,0.0,0.0,0.0,-0.4658824299910614,-0.4658824299910614,-0.29488391230979427,-0.29488391230979427,0.6389134563817163,0.6389134563817163,-1.3274981692769245,-1.3274981692769245,0.26278409544754927,0.26278409544754927,-5.551115123125783e-17,-5.551115123125783e-17,0.2948839123097629,0.2948839123097629,0.8848292389855007,0.5399965770944544,-1.0219679031594515,-0.1641880856359984,0.8514224246125931,-0.5619514869490164,-0.11278110649711834,0,2,2,0.7642216767435148,0.889110593220554,-1.0014117938131908,-1.001018038026735,0.0,0.0,-1.0014117938131908,0.0,-1.001018038026735,0.0,0.0,0.0,-0.3692744729379982,0.0
2023-02-01 00:25:00,1,127.02635,1.3140900217600089,0.0,0.0,0.0,-0.4658824299910614,-0.4658824299910614,-0.29488391230979427,-0.29488391230979427,0.6389134563817163,0.6389134563817163,-1.3274981692769245,-1.3274981692769245,-1.7422244250126484,-1.7422244250126484,-5.551115123125783e-17,-5.551115123125783e-17,0.2948839123097629,0.2948839123097629,0.8654505889388883,0.5406609787411856,-1.0219679031594515,-1.5368830588066928,0.846650783679295,-0.5619514869490164,-0.039361715515626214,0,2,2,0.7642216767435148,0.8693796175594718,-0.9925683359969678,-0.9921860867740874,0.0,0.0,-0.9925683359969678,0.0,-0.9921860867740874,0.0,0.0,0.0,-0.3692744729379982,0.0
2023-02-01 00:30:00,1,127.10801,1.3238518125772607,0.0,0.0,0.0,-0.4658824299910614,-0.4658824299910614,-0.29488391230979427,-0.29488391230979427,0.6389134563817163,0.6389134563817163,-1.3274981692769245,-1.3274981692769245,0.26278409544754927,0.26278409544754927,-5.551115123125783e-17,-5.551115123125783e-17,0.2948839123097629,0.2948839123097629,0.8661590892017413,0.5414353432281341,-1.0219679031594515,1.044425854121311,0.8477696777257009,-0.5619514869490164,-0.03720000967837672,0,2,2,0.7642216767435148,0.8700867794368665,-0.982261227776513,-0.9818923895291221,0.0,0.0,-0.982261227776513,0.0,-0.9818923895291221,0.0,0.0,0.0,-0.3692744729379982,0.0
2023-02-01 00:35:00,1,127.37412,1.3556631051853805,0.0,0.0,0.0,-0.4658824299910614,-0.4658824299910614,-0.29488391230979427,-0.29488391230979427,0.6389134563817163,0.6389134563817163,0.7726238304117979,0.7726238304117979,0.6467218972377997,0.6467218972377997,-5.551115123125783e-17,-5.551115123125783e-17,0.2948839123097629,0.2948839123097629,0.8576960146333735,0.5420612064962846,-1.0219679031594515,-0.13427230025039802,0.8487040119294008,-0.5619514869490164,0.010318214998616824,0,2,2,0.7642216767435148,0.8613960304627629,-0.9739307315505582,-0.9735727324326605,0.0,0.0,-0.9739307315505582,0.0,-0.9735727324326605,0.0,0.0,0.0,-0.3692744729379982,0.0
2023-02-01 00:40:00,1,127.36061,1.3540480942382682,0.0,0.0,0.0,-0.4658824299910614,-0.4658824299910614,-0.29488391230979427,-0.29488391230979427,0.6389134563817163,0.6389134563817163,0.7726238304117979,0.7726238304117979,0.6467218972377997,0.6467218972377997,-5.551115123125783e-17,-5.551115123125783e-17,0.2948839123097629,0.2948839123097629,0.8530245843288465,0.5424625194785717,-1.0219679031594515,0.3535150020059431,0.8493076764149187,-0.5619514869490164,0.03694650053928115,0,2,2,0.7642216767435148,0.856612061040824,-0.9685890915238992,-0.9682380426195764,0.0,0.0,-0.9685890915238992,0.0,-0.9682380426195764,0.0,0.0,0.0,-0.3692744729379982,0.0
2023-02-01 00:45:00,1,125.32967,1.1112656861756935,0.0,0.0,0.0,-0.4658824299910614,-0.4658824299910614,-0.29488391230979427,-0.29488391230979427,-1.5795360449437545,-1.5795360449437545,0.7726238304117979,0.7726238304117979,0.6467218972377997,0.6467218972377997,-5.551115123125783e-17,-5.551115123125783e-17,0.2948839123097629,0.2948839123097629,0.8405713297086953,0.5428584370878573,-1.0219679031594515,-0.6468251538427799,0.8498998059102675,-0.5619514869490164,0.10283922483289545,0,2,2,0.7642216767435148,0.8439024686104872,-0.9633192661198776,-0.9629750739883582,0.0,0.0,-0.9633192661198776,0.0,-0.9629750739883582,0.0,0.0,0.0,-0.3692744729379982,0.0
2023-02-01 00:50:00,1,123.46369,0.8882029084488274,0.0,0.0,0.0,-0.4658824299910614,-0.4658824299910614,-0.29488391230979427,-0.29488391230979427,0.6389134563817163,0.6389134563817163,0.7726238304117979,0.7726238304117979,0.6467218972377997,0.6467218972377997,-5.551115123125783e-17,-5.551115123125783e-17,0.2948839123097629,0.2948839123097629,0.832867362564813,0.5432499870142375,-1.0219679031594515,-0.036935678473063754,0.8504842454121704,-0.5619514869490164,0.14473701433304031,0,2,2,0.7642216767435148,0.8360579953257251,-0.9581075763627531,-0.9577701653615078,0.0,0.0,-0.9581075763627531,0.0,-0.9577701653615078,0.0,0.0,0.0,-0.3692744729379982,0.0
2023-02-01 00:55:00,1,123.45597,0.8872800450504775,0.0,0.0,0.0,-0.4658824299910614,-0.4658824299910614,-0.29488391230979427,-0.29488391230979427,-1.5795360449437545,-1.5795360449437545,0.7726238304117979,0.7726238304117979,0.6467218972377997,0.6467218972377997,-5.551115123125783e-17,-5.551115123125783e-17,0.2948839123097629,0.2948839123097629,0.8239021092387084,0.5436371692577115,-1.0219679031594515,-0.19864772429905161,0.8510648399173498,-0.5619514869490164,0.19296270637495191,0,2,2,0.7642216767435148,0.8269576334608899,-0.9529540222525258,-0.9526233167390252,0.0,0.0,-0.9529540222525258,0.0,-0.9526233167390252,0.0,0.0,0.0,-0.3692744729379982,0.0
2023-02-01 01:00:00,1,114.11699,-0.22911928395393497,0.0,0.0,0.0,-0.08854311016405729,-0.08854311016405729,3.391164991562634,3.391164991562634,0.6389134563817163,0.6389134563817163,0.7726238304117979,0.7726238304117979,0.26278409544754927,0.26278409544754927,-5.551115123125783e-17,-5.551115123125783e-17,-3.391164991562666,-3.391164991562666,0.8242875022388318,0.544021525353423,-1.0219679031594515,1.0031994663305819,0.8516377444290838,-0.5619514869490164,0.19396495180858575,1,2,2,0.7642216767435148,0.8273363321711886,-0.9478380853255848,-0.9475140363546629,0.0,0.0,-0.9478380853255848,0.0,-0.9475140363546629,0.0,0.0,0.0,-0.3692744729379982,0.0
2023-02-01 00:05:00,2,111.64761,-0.5243136386968426,0.0,0.0,0.0,-0.4658824299910614,-0.4658824299910614,-0.29488391230979427,-0.29488391230979427,0.6389134563817163,0.6389134563817163,-1.3274981692769245,-1.3274981692769245,0.26278409544754927,0.26278409544754927,-5.551115123125783e-17,-5.551115123125783e-17,0.2948839123097629,0.2948839123097629,-1.1182294684340146,-1.1399062467448413,1.37174276867674,0.8995013499019798,-1.1354258020664967,-0.5619514869490164,-0.15579905265838342,0,2,2,-1.1700310667179001,-1.1343120706070087,1.4999325495796105,1.49962607686886,0.0,0.0,1.4999325495796105,0.0,1.49962607686886,0.0,0.0,0.0,-0.3692744729379982,0.0
2023-02-01 00:10:00,2,111.66858,-0.5218068452430362,0.0,0.0,0.0,-0.4658824299910614,-0.4658824299910614,-0.29488391230979427,-0.29488391230979427,0.6389134563817163,0.6389134563817163,-1.3274981692769245,-1.3274981692769245,-1.7422244250126484,-1.7422244250126484,-5.551115123125783e-17,-5.551115123125783e-17,0.2948839123097629,0.2948839123097629,-1.1168085750497208,-1.1405092439083673,1.37174276867674,1.1362074876868462,-1.1361832664209366,-0.5619514869490164,-0.1668434042996036,0,2,2,-1.1700310667179001,-1.1328784254894488,1.4919064105638815,1.4929013622453242,0.0,0.0,1.4919064105638815,0.0,1.4929013622453242,0.0,0.0,0.0,-0.3692744729379982,0.0
2023-02-01 00:15:00,2,110.56563,-0.6536555738970675,0.0,0.0,0.0,-0.4658824299910614,-0.4658824299910614,-0.29488391230979427,-0.29488391230979427,0.6389134563817163,0.6389134563817163,-1.3274981692769245,-1.3274981692769245,-1.7422244250126484,-1.7422244250126484,-5.551115123125783e-17,-5.551115123125783e-17,0.2948839123097629,0.2948839123097629,-1.1188523258079515,-1.141254833072642,1.37174276867674,0.6909924183342432,-1.1372175705394356,-0.5619514869490164,-0.16183217713143427,0,2,2,-1.1700310667179001,-1.1349148971254437,1.4819823136641601,1.4837073897889717,0.0,0.0,1.4819823136641601,0.0,1.4837073897889717,0.0,0.0,0.0,-0.3692744729379982,0.0
2023-02-01 00:20:00,2,110.61062,-0.6482773842219738,0.0,0.0,0.0,-0.4658824299910614,-0.4658824299910614,-0.29488391230979427,-0.29488391230979427,0.6389134563817163,0.6389134563817163,-1.3274981692769245,-1.3274981692769245,0.26278409544754927,0.26278409544754927,-5.551115123125783e-17,-5.551115123125783e-17,0.2948839123097629,0.2948839123097629,-1.1189652187069774,-1.1420782697616496,1.37174276867674,0.9388910843804947,-1.138378759549795,-0.5619514869490164,-0.16717748611081487,0,2,2,-1.1700310667179001,-1.1350192324844035,1.4710220343520974,1.4733897854833846,0.0,0.0,1.4710220343520974,0.0,1.4733897854833846,0.0,0.0,0.0,-0.3692744729379982,0.0
2023-02-01 00:25:00,2,109.60462,-0.7685365265457008,0.0,0.0,0.0,-0.4658824299910614,-0.4658824299910614,-0.29488391230979427,-0.29488391230979427,0.6389134563817163,0.6389134563817163,-1.3274981692769245,-1.3274981692769245,-1.7422244250126484,-1.7422244250126484,-5.551115123125783e-17,-5.551115123125783e-17,0.2948839123097629,0.2948839123097629,-1.12019925487909,-1.1427588575273853,1.37174276867674,0.7950697729024963,-1.139336163733833,-0.5619514869490164,-0.1658411588659697,0,2,2,-1.1700310667179001,-1.1362480711565979,1.4619631326679616,1.4648959483738198,0.0,0.0,1.4619631326679616,0.0,1.4648959483738198,0.0,0.0,0.0,-0.3692744729379982,0.0
2023-02-01 00:30:00,2,109.67585,-0.7600215576513479,0.0,0.0,0.0,-0.4658824299910614,-0.4658824299910614,-0.29488391230979427,-0.29488391230979427,0.6389134563817163,0.6389134563817163,-1.3274981692769245,-1.3274981692769245,0.26278409544754927,0.26278409544754927,-5.551115123125783e-17,-5.551115123125783e-17,0.2948839123097629,0.2948839123097629,-1.1199423262123411,-1.1433356485934763,1.37174276867674,0.9865790296561726,-1.1401436130456724,-0.5619514869490164,-0.17126507533034122,0,2,2,-1.1700310667179001,-1.135981436350367,1.454285807533615,1.4577204148928404,0.0,0.0,1.454285807533615,0.0,1.4577204148928404,0.0,0.0,0.0,-0.3692744729379982,0.0
2023-02-01 00:35:00,2,111.22777,-0.5745021062049865,0.0,0.0,0.0,-0.4658824299910614,-0.4658824299910614,-0.29488391230979427,-0.29488391230979427,0.6389134563817163,0.6389134563817163,0.7726238304117979,0.7726238304117979,0.6467218972377997,0.6467218972377997,-5.551115123125783e-17,-5.551115123125783e-17,0.2948839123097629,0.2948839123097629,-1.1167190393022175,-1.1439717887625818,1.37174276867674,1.367931496982737,-1.1410471872755878,-0.5619514869490164,-0.19215501446667047,0,2,2,-1.1700310667179001,-1.1327083974970698,1.4458185215502553,1.449704718995716,0.0,0.0,1.4458185215502553,0.0,1.449704718995716,0.0,0.0,0.0,-0.3692744729379982,0.0
2023-02-01 00:40:00,2,110.14438,-0.7040125954714911,0.0,0.0,0.0,-0.4658824299910614,-0.4658824299910614,-0.29488391230979427,-0.29488391230979427,0.6389134563817163,0.6389134563817163,0.7726238304117979,0.7726238304117979,0.6467218972377997,0.6467218972377997,-5.551115123125783e-17,-5.551115123125783e-17,0.2948839123097629,0.2948839123097629,-1.1171628251811474,-1.144692456442041,1.37174276867674,0.8961617528278775,-1.1420814913940869,-0.5619514869490164,-0.19518140263881975,0,2,2,-1.1700310667179001,-1.1331450602956796,1.4362261398122407,1.4405175771281122,0.0,0.0,1.4362261398122407,0.0,1.4405175771281122,0.0,0.0,0.0,-0.3692744729379982,0.0
2023-02-01 00:45:00,2,110.17925,-0.6998441697330934,0.0,0.0,0.0,-0.4658824299910614,-0.4658824299910614,-0.29488391230979427,-0.29488391230979427,-1.5795360449437545,-1.5795360449437545,0.7726238304117979,0.7726238304117979,0.6467218972377997,0.6467218972377997,-5.551115123125783e-17,-5.551115123125783e-17,0.2948839123097629,0.2948839123097629,-1.1181243612521627,-1.1454786393650873,1.37174276867674,0.8301062738017203,-1.143215765427385,-0.5619514869490164,-0.1961443443299582,0,2,2,-1.1700310667179001,-1.134095671343981,1.4257617233707705,1.4304253822512467,0.0,0.0,1.4257617233707705,0.0,1.4304253822512467,0.0,0.0,0.0,-0.3692744729379982,0.0
2023-02-01 00:50:00,2,107.66071,-1.0009152038364726,0.0,0.0,0.0,-0.4658824299910614,-0.4658824299910614,-0.29488391230979427,-0.29488391230979427,0.6389134563817163,0.6389134563817163,0.7726238304117979,0.7726238304117979,0.6467218972377997,0.6467218972377997,-5.551115123125783e-17,-5.551115123125783e-17,0.2948839123097629,0.2948839123097629,-1.1217408268795839,-1.1463010483639997,1.37174276867674,0.48867537491468505,-1.1444115594082518,-0.5619514869490164,-0.18399948789886553,0,2,2,-1.1700310667179001,-1.1377203589996987,1.414815123034448,1.4198140626294462,0.0,0.0,1.414815123034448,0.0,1.4198140626294462,0.0,0.0,0.0,-0.3692744729379982,0.0
2023-02-01 00:55:00,2,107.71005,-0.995017006935625,0.0,0.0,0.0,-0.4658824299910614,-0.4658824299910614,-0.29488391230979427,-0.29488391230979427,-1.5795360449437545,-1.5795360449437545,0.7726238304117979,0.7726238304117979,0.6467218972377997,0.6467218972377997,-5.551115123125783e-17,-5.551115123125783e-17,0.2948839123097629,0.2948839123097629,-1.1235042918195428,-1.1470538313589425,1.37174276867674,0.7271896481041665,-1.1455035384775962,-0.5619514869490164,-0.18067832165800038,0,2,2,-1.1700310667179001,-1.1394824672843544,1.4047952733045435,1.4101043807225333,0.0,0.0,1.4047952733045435,0.0,1.4101043807225333,0.0,0.0,0.0,-0.3692744729379982,0.0
2023-02-01 01:00:00,2,97.64655,-2.1980268267913163,0.0,0.0,0.0,-0.08854311016405729,-0.08854311016405729,3.391164991562634,3.391164991562634,0.6389134563817163,0.6389134563817163,0.7726238304117979,0.7726238304117979,0.26278409544754927,0.26278409544754927,-5.551115123125783e-17,-5.551115123125783e-17,-3.391164991562666,-3.391164991562666,-1.1264706500629174,-1.1478610819289465,1.37174276867674,0.572479999379173,-1.146683952471571,-0.5619514869490164,-0.17173672024028652,1,2,2,-1.1700310667179001,-1.1424579571509885,1.3940504378603928,1.399643334053214,0.0,0.0,1.3940504378603928,0.0,1.399643334053214,0.0,0.0,0.0,-0.3692744729379982,0.0
2023-02-01 00:05:00,3,113.86238,-0.2595558448158078,0.0,0.0,0.0,2.2807968050287593,2.2807968050287593,-0.29488391230979427,-0.29488391230979427,0.6389134563817163,0.6389134563817163,0.7726238304117979,0.7726238304117979,0.8600206760101614,0.8600206760101614,-5.551115123125783e-17,-5.551115123125783e-17,0.2948839123097629,0.2948839123097629,-1.2384292630280795,-1.246120330415978,-1.0219679031594515,0.9184552518578296,-1.3208546140320379,-0.5619514869490164,-0.49673936693512505,0,2,2,0.43113164729986425,-1.2264355786271652,-0.7995340500911907,-0.7994029652125236,0.0,0.0,-0.7995340500911907,0.0,-0.7994029652125236,0.0,0.0,0.0,-0.3692744729379982,0.0
2023-02-01 00:10:00,3,113.19747,-0.3390404435458973,0.0,0.0,0.0,2.2807968050287593,2.2807968050287593,-0.29488391230979427,-0.29488391230979427,0.6389134563817163,0.6389134563817163,0.7726238304117979,0.7726238304117979,0.8600206760101614,0.8600206760101614,-5.551115123125783e-17,-5.551115123125783e-17,0.2948839123097629,0.2948839123097629,-1.2398190135436762,-1.2461753118360865,-1.0219679031594515,0.7750482005112704,-1.3209353589632218,-0.5619514869490164,-0.4901363381958902,0,2,2,0.43113164729986425,-1.2278151239289683,-0.8002658752933066,-0.8001338382086823,0.0,0.0,-0.8002658752933066,0.0,-0.8001338382086823,0.0,0.0,0.0,-0.3692744729379982,0.0
2023-02-01 00:15:00,3,112.08839,-0.4716219639916211,0.0,0.0,0.0,2.2807968050287593,2.2807968050287593,-0.29488391230979427,-0.29488391230979427,0.6389134563817163,0.6389134563817163,0.7726238304117979,0.7726238304117979,0.8600206760101614,0.8600206760101614,-5.551115123125783e-17,-5.551115123125783e-17,0.2948839123097629,0.2948839123097629,-1.238849691755487,-1.24595256000789,-1.0219679031594515,1.078485741763809,-1.32060468924504,-0.5619514869490164,-0.4933395932092691,0,2,2,0.43113164729986425,-1.226852920063005,-0.7973009573015567,-0.797172777985927,0.0,0.0,-0.7973009573015567,0.0,-0.797172777985927,0.0,0.0,0.0,-0.3692744729379982,0.0
2023-02-01 00:20:00,3,112.8034,-0.3861483165235425,0.0,0.0,0.0,2.2807968050287593,2.2807968050287593,-0.29488391230979427,-0.29488391230979427,0.6389134563817163,0.6389134563817163,0.7726238304117979,0.7726238304117979,0.8600206760101614,0.8600206760101614,-5.551115123125783e-17,-5.551115123125783e-17,0.2948839123097629,0.2948839123097629,-1.2369188338962824,-1.2457637219528446,-1.0219679031594515,1.2013303811030969,-1.3203201594875347,-0.5619514869490164,-0.5016326828758081,0,2,2,0.43113164729986425,-1.2249362408761861,-0.7947874455092426,-0.7946625366206153,0.0,0.0,-0.7947874455092426,0.0,-0.7946625366206153,0.0,0.0,0.0,-0.3692744729379982,0.0
2023-02-01 00:25:00,3,111.12452,-0.5868448064484508,0.0,0.0,0.0,2.2807968050287593,2.2807968050287593,-0.29488391230979427,-0.29488391230979427,0.6389134563817163,0.6389134563817163,0.7726238304117979,0.7726238304117979,0.8600206760101614,0.8600206760101614,-5.551115123125783e-17,-5.551115123125783e-17,0.2948839123097629,0.2948839123097629,-1.2394920134223595,-1.245603402297949,-1.0219679031594515,0.6230022244188644,-1.320081769690706,-0.5619514869490164,-0.48742437996370447,0,2,2,0.43113164729986425,-1.2274905250344263,-0.7926535252937271,-0.7925313929308813,0.0,0.0,-0.7926535252937271,0.0,-0.7925313929308813,0.0,0.0,0.0,-0.3692744729379982,0.0
2023-02-01 00:30:00,3,111.34622,-0.5603423692186595,0.0,0.0,0.0,2.2807968050287593,2.2807968050287593,-0.29488391230979427,-0.29488391230979427,0.6389134563817163,0.6389134563817163,0.7726238304117979,0.7726238304117979,0.8600206760101614,0.8600206760101614,-5.551115123125783e-17,-5.551115123125783e-17,0.2948839123097629,0.2948839123097629,-1.240437978059026,-1.2454664625927254,-1.0219679031594515,0.8320464921467943,-1.3198741398676617,-0.5619514869490164,-0.48158777420313087,0,2,2,0.43113164729986425,-1.2284295432650654,-0.7908308017763076,-0.7907110410292334,0.0,0.0,-0.7908308017763076,0.0,-0.7907110410292334,0.0,0.0,0.0,-0.3692744729379982,0.0
2023-02-01 00:35:00,3,112.73033,-0.39488324249729484,0.0,0.0,0.0,2.2807968050287593,2.2807968050287593,-0.29488391230979427,-0.29488391230979427,0.6389134563817163,0.6389134563817163,0.7726238304117979,0.7726238304117979,0.8600206760101614,0.8600206760101614,-5.551115123125783e-17,-5.551115123125783e-17,0.2948839123097629,0.2948839123097629,-1.2377285484824003,-1.2453305505775973,-1.0219679031594515,1.3017184189935322,-1.3196703550413402,-0.5619514869490164,-0.4942239274154166,0,2,2,0.43113164729986425,-1.2257400095674327,-0.7890217572346285,-0.7889043503050839,0.0,0.0,-0.7890217572346285,0.0,-0.7889043503050839,0.0,0.0,0.0,-0.3692744729379982,0.0
2023-02-01 00:40:00,3,111.64415,-0.5247272536396265,0.0,0.0,0.0,2.2807968050287593,2.2807968050287593,-0.29488391230979427,-0.29488391230979427,0.6389134563817163,0.6389134563817163,0.7726238304117979,0.7726238304117979,0.8600206760101614,0.8600206760101614,-5.551115123125783e-17,-5.551115123125783e-17,0.2948839123097629,0.2948839123097629,-1.23867062026048,-1.245187701654325,-1.0219679031594515,0.8327474322967297,-1.3194588802215728,-0.5619514869490164,-0.4883873216548429,0,2,2,0.43113164729986425,-1.2266751635255175,-0.7871203796067013,-0.7870054466328209,0.0,0.0,-0.7871203796067013,0.0,-0.7870054466328209,0.0,0.0,0.0,-0.3692744729379982,0.0
2023-02-01 00:45:00,3,111.6745,-0.5210991572484486,0.0,0.0,0.0,2.2807968050287593,2.2807968050287593,-0.29488391230979427,-0.29488391230979427,-1.5795360449437545,-1.5795360449437545,0.7726238304117979,0.7726238304117979,0.8600206760101614,0.8600206760101614,-5.551115123125783e-17,-5.551115123125783e-17,0.2948839123097629,0.2948839123097629,-1.2382346200987242,-1.2450533311743401,-1.0219679031594515,1.009523937733388,-1.3192589403919746,-0.5619514869490164,-0.48956643392970633,0,2,2,0.43113164729986425,-1.2262423649994618,-0.785331853528633,-0.7852192476749189,0.0,0.0,-0.785331853528633,0.0,-0.7852192476749189,0.0,0.0,0.0,-0.3692744729379982,0.0
2023-02-01 00:50:00,3,109.67936,-0.7596019656140149,0.0,0.0,0.0,2.2807968050287593,2.2807968050287593,-0.29488391230979427,-0.29488391230979427,0.6389134563817163,0.6389134563817163,0.7726238304117979,0.7726238304117979,0.8600206760101614,0.8600206760101614,-5.551115123125783e-17,-5.551115123125783e-17,0.2948839123097629,0.2948839123097629,-1.2389002989171194,-1.2449269252925954,-1.0219679031594515,0.8677594178017018,-1.3190666905558224,-0.5619514869490164,-0.4852233703839595,0,2,2,0.43113164729986425,-1.2269031556062078,-0.7836493395125534,-0.7835389228426285,0.0,0.0,-0.7836493395125534,0.0,-0.7835389228426285,0.0,0.0,0.0,-0.3692744729379982,0.0
2023-02-01 00:55:00,3,109.45589,-0.786315991990838,0.0,0.0,0.0,2.2807968050287593,2.2807968050287593,-0.29488391230979427,-0.29488391230979427,-1.5795360449437545,-1.5795360449437545,0.7726238304117979,0.7726238304117979,0.8600206760101614,0.8600206760101614,-5.551115123125783e-17,-5.551115123125783e-17,0.2948839123097629,0.2948839123097629,-1.2397684063820438,-1.2448069424739476,-1.0219679031594515,0.8423459596175769,-1.3188898207065622,-0.5619514869490164,-0.4799370170183221,0,2,2,0.43113164729986425,-1.2277648883857653,-0.782052319094852,-0.7819439803697027,0.0,0.0,-0.782052319094852,0.0,-0.7819439803697027,0.0,0.0,0.0,-0.3692744729379982,0.0
2023-02-01 01:00:00,3,99.22803,-2.0089737170476507,0.0,0.0,0.0,2.2807968050287593,2.2807968050287593,3.391164991562634,3.391164991562634,0.6389134563817163,0.6389134563817163,0.7726238304117979,0.7726238304117979,0.8600206760101614,0.8600206760101614,-5.551115123125783e-17,-5.551115123125783e-17,-3.391164991562666,-3.391164991562666,-1.2403562280286968,-1.2446926119508248,-1.0219679031594515,0.8777266766646635,-1.3187167958540251,-0.5619514869490164,-0.4760852502537685,1,2,2,0.43113164729986425,-1.2283483935414299,-0.780530533043723,-0.7804241743730173,0.0,0.0,-0.780530533043723,0.0,-0.7804241743730173,0.0,0.0,0.0,-0.3692744729379982,0.0
2023-02-01 00:05:00,4,106.79254,-1.1046978873267204,0.0,0.0,0.0,-0.4658824299910614,-0.4658824299910614,-0.29488391230979427,-0.29488391230979427,0.6389134563817163,0.6389134563817163,-1.3274981692769245,-1.3274981692769245,0.26278409544754927,0.26278409544754927,-5.551115123125783e-17,-5.551115123125783e-17,0.2948839123097629,0.2948839123097629,0.0861742641134669,0.5153279708422775,1.0135003552046569,-1.3054327213609196,0.545095380684366,-0.5619514869490164,2.3533322163796067,0,2,2,1.7643940655104893,0.11819179313567485,1.2179481933108234,1.215454254338165,0.0,0.0,1.2179481933108234,0.0,1.215454254338165,0.0,0.0,0.0,2.7080128015453204,0.0
2023-02-01 00:10:00,4,106.79736,-1.1041216954122075,0.0,0.0,0.0,-0.4658824299910614,-0.4658824299910614,-0.29488391230979427,-0.29488391230979427,0.6389134563817163,0.6389134563817163,-1.3274981692769245,-1.3274981692769245,-1.7422244250126484,-1.7422244250126484,-5.551115123125783e-17,-5.551115123125783e-17,0.2948839123097629,0.2948839123097629,0.06951672221924131,0.5135323393229406,1.0135003552046569,-1.187146944724137,0.5424538679356342,-0.5619514869490164,2.4239413897726747,0,2,2,1.7643940655104893,0.10207004804009415,1.1940476029482623,1.1915847619542692,0.0,0.0,1.1940476029482623,0.0,1.1915847619542692,0.0,0.0,0.0,2.7080128015453204,0.0
2023-02-01 00:15:00,4,105.74737,-1.2296394855200499,0.0,0.0,0.0,-0.4658824299910614,-0.4658824299910614,-0.29488391230979427,-0.29488391230979427,0.6389134563817163,0.6389134563817163,-1.3274981692769245,-1.3274981692769245,-1.7422244250126484,-1.7422244250126484,-5.551115123125783e-17,-5.551115123125783e-17,0.2948839123097629,0.2948839123097629,0.058188503730763716,0.5113441301871283,1.0135003552046569,-0.5022918953031412,0.5391817757243237,-0.5619514869490164,2.464384940800488,0,2,2,1.7643940655104893,0.09112256389441349,1.1649216438528363,1.1624966997660244,0.0,0.0,1.1649216438528363,0.0,1.1624966997660244,0.0,0.0,0.0,2.7080128015453204,0.0
2023-02-01 00:20:00,4,105.78998,-1.2245458055454839,0.0,0.0,0.0,-0.4658824299910614,-0.4658824299910614,-0.29488391230979427,-0.29488391230979427,0.6389134563817163,0.6389134563817163,-1.3274981692769245,-1.3274981692769245,0.26278409544754927,0.26278409544754927,-5.551115123125783e-17,-5.551115123125783e-17,0.2948839123097629,0.2948839123097629,0.04640871364618156,0.5093483560216956,1.0135003552046569,-0.5600811836389133,0.5308112178582558,-0.5619514869490164,2.481049727618557,0,2,2,1.7643940655104893,0.0795490675949735,1.1349373290296954,1.1325513986897622,0.0,0.0,1.1349373290296954,0.0,1.1325513986897622,0.0,0.0,0.0,2.7080128015453204,0.0
2023-02-01 00:25:00,4,104.83485,-1.3387238518751667,0.0,0.0,0.0,-0.4658824299910614,-0.4658824299910614,-0.29488391230979427,-0.29488391230979427,0.6389134563817163,0.6389134563817163,-1.3274981692769245,-1.3274981692769245,-1.7422244250126484,-1.7422244250126484,-5.551115123125783e-17,-5.551115123125783e-17,0.2948839123097629,0.2948839123097629,0.04244967646309495,0.5069366242901149,1.0135003552046569,0.4447057645385921,0.532199261675275,-0.5619514869490164,2.5081496580691667,0,2,2,1.7643940655104893,0.07574275912921428,1.102836192710714,1.1004920303956383,0.0,0.0,1.102836192710714,0.0,1.1004920303956383,0.0,0.0,0.0,2.7080128015453204,0.0
2023-02-01 00:30:00,4,104.86324,-1.335330057590305,0.0,0.0,0.0,-0.4658824299910614,-0.4658824299910614,-0.29488391230979427,-0.29488391230979427,0.6389134563817163,0.6389134563817163,-1.3274981692769245,-1.3274981692769245,0.26278409544754927,0.26278409544754927,-5.551115123125783e-17,-5.551115123125783e-17,0.2948839123097629,0.2948839123097629,0.0353529952588013,0.505700056182722,1.0135003552046569,0.04124391379604837,0.5284273198899683,-0.5619514869490164,2.5246965336597493,0,2,2,1.7643940655104893,0.06876388289656346,1.069278245475371,1.0669777466979462,0.0,0.0,1.069278245475371,0.0,1.0669777466979462,0.0,0.0,0.0,2.7080128015453204,0.0
2023-02-01 00:35:00,4,105.82494,-1.220366621036898,0.0,0.0,0.0,-0.4658824299910614,-0.4658824299910614,-0.29488391230979427,-0.29488391230979427,0.6389134563817163,0.6389134563817163,0.7726238304117979,0.7726238304117979,0.6467218972377997,0.6467218972377997,-5.551115123125783e-17,-5.551115123125783e-17,0.2948839123097629,0.2948839123097629,0.024959062831228594,0.5029787328098768,1.0135003552046569,-0.38211242953894625,0.5243554683602641,-0.5619514869490164,2.5563556982398308,0,2,2,1.7643940655104893,0.05867040298533232,1.0330563177145693,1.0308029486824613,0.0,0.0,1.0330563177145693,0.0,1.0308029486824613,0.0,0.0,0.0,2.7080128015453204,0.0
2023-02-01 00:40:00,4,104.79664,-1.3432915475294314,0.0,0.0,0.0,-0.4658824299910614,-0.4658824299910614,-0.29488391230979427,-0.29488391230979427,0.6389134563817163,0.6389134563817163,0.7726238304117979,0.7726238304117979,0.6467218972377997,0.6467218972377997,-5.551115123125783e-17,-5.551115123125783e-17,0.2948839123097629,0.2948839123097629,0.017301809990391857,0.5001978034114931,1.0135003552046569,-0.030792821113388918,0.520191336909207,-0.5619514869490164,2.573747604294065,0,2,2,1.7643940655104893,0.05118530704809851,0.9960410093608193,0.9938358023720754,0.0,0.0,0.9960410093608193,0.0,0.9938358023720754,0.0,0.0,0.0,2.7080128015453204,0.0
2023-02-01 00:45:00,4,104.82537,-1.3398571090016362,0.0,0.0,0.0,-0.4658824299910614,-0.4658824299910614,-0.29488391230979427,-0.29488391230979427,-1.5795360449437545,-1.5795360449437545,0.7726238304117979,0.7726238304117979,0.6467218972377997,0.6467218972377997,-5.551115123125783e-17,-5.551115123125783e-17,0.2948839123097629,0.2948839123097629,0.004665591016646498,0.49734416493885386,1.0135003552046569,-0.6703499260411765,0.5032349013605809,-0.5619514869490164,2.550853174290468,0,2,2,1.7643940655104893,0.0385104930707484,0.9580579134734296,0.9559021277536845,0.0,0.0,0.9580579134734296,0.0,0.9559021277536845,0.0,0.0,0.0,2.7080128015453204,0.0
2023-02-01 00:50:00,4,102.93652,-1.5656538097751675,0.0,0.0,0.0,-0.4658824299910614,-0.4658824299910614,-0.29488391230979427,-0.29488391230979427,0.6389134563817163,0.6389134563817163,0.7726238304117979,0.7726238304117979,0.6467218972377997,0.6467218972377997,-5.551115123125783e-17,-5.551115123125783e-17,0.2948839123097629,0.2948839123097629,-0.0077604135933951645,0.4950416252799188,1.0135003552046569,-0.643111822084879,0.49978593930001036,-0.5619514869490164,2.5959542188039917,0,2,2,1.7643940655104893,0.026500333972698454,0.927410168326875,0.9252942595687548,0.0,0.0,0.927410168326875,0.0,0.9252942595687548,0.0,0.0,0.0,2.7080128015453204,0.0
2023-02-01 00:55:00,4,102.9837,-1.5600138233588323,0.0,0.0,0.0,-0.4658824299910614,-0.4658824299910614,-0.29488391230979427,-0.29488391230979427,-1.5795360449437545,-1.5795360449437545,0.7726238304117979,0.7726238304117979,0.6467218972377997,0.6467218972377997,-5.551115123125783e-17,-5.551115123125783e-17,0.2948839123097629,0.2948839123097629,-0.013148129877949614,0.4927714578589911,1.0135003552046569,0.2611089763582387,0.49639080719356216,-0.5619514869490164,2.605780154427853,0,2,2,1.7643940655104893,0.021179230665744064,0.8971933109161454,0.8951167184750212,0.0,0.0,0.8971933109161454,0.0,0.8951167184750212,0.0,0.0,0.0,2.7080128015453204,0.0
2023-02-01 01:00:00,4,93.36179,-2.7102351395776116,0.0,0.0,0.0,-0.08854311016405729,-0.08854311016405729,3.391164991562634,3.391164991562634,0.6389134563817163,0.6389134563817163,0.7726238304117979,0.7726238304117979,0.26278409544754927,0.26278409544754927,-5.551115123125783e-17,-5.551115123125783e-17,-3.391164991562666,-3.391164991562666,-0.018107631717922287,0.49039518143570493,1.0135003552046569,0.31587286491766653,0.5266701563875371,-0.5619514869490164,2.785594776344516,1,2,2,1.7643940655104893,0.017631828461107567,0.8655640992602108,0.8635286608045886,0.0,0.0,0.8655640992602108,0.0,0.8635286608045886,0.0,0.0,0.0,2.7080128015453204,0.0
2023-02-01 00:10:00,0,127.05018,1.3169387050220116,0.0,0.0,0.0,-0.4658824299910614,-0.4658824299910614,-0.29488391230979427,-0.29488391230979427,0.6389134563817163,0.6389134563817163,0.21996014628318694,0.21996014628318694,-1.7422244250126484,-1.7422244250126484,-5.551115123125783e-17,-5.551115123125783e-17,0.2948839123097629,0.2948839123097629,1.1477996222616702,1.1821122502601509,-0.17521310767998244,-1.3240964410990947,1.0246356819890219,1.7795130420052188,-0.5648331008084844,0,2,2,-0.7469704447014553,1.1313458454111092,-0.44653098238832156,-0.4468592033971494,0.0,0.0,-0.44653098238832156,0.0,-0.4468592033971494,0.0,0.0,0.0,-0.3692744729379982,0.0
2023-02-01 00:15:00,0,120.06018,0.481340887086772,0.0,0.0,0.0,-0.4658824299910614,-0.4658824299910614,-0.29488391230979427,-0.29488391230979427,-1.5795360449437545,-1.5795360449437545,-1.3274981692769245,-1.3274981692769245,-1.7422244250126484,-1.7422244250126484,-5.551115123125783e-17,-5.551115123125783e-17,0.2948839123097629,0.2948839123097629,1.1357823678032746,1.182817245665654,-0.17521310767998244,-0.5906058513674624,1.0262044406520239,1.7795130420052188,-0.4961694626689412,0,2,2,-0.7469704447014553,1.1199191914687239,-0.43714720503034954,-0.4374876356333192,0.0,0.0,-0.43714720503034954,0.0,-0.4374876356333192,0.0,0.0,0.0,-0.3692744729379982,0.0
2023-02-01 00:20:00,0,120.06018,0.481340887086772,0.0,0.0,0.0,-0.4658824299910614,-0.4658824299910614,-0.29488391230979427,-0.29488391230979427,0.6389134563817163,0.6389134563817163,-1.3274981692769245,-1.3274981692769245,0.26278409544754927,0.26278409544754927,-5.551115123125783e-17,-5.551115123125783e-17,0.2948839123097629,0.2948839123097629,1.112569252048363,1.1828974054931019,-0.17521310767998244,-2.0298591193035604,1.0051223236195714,1.7795130420052188,-0.48673656447003427,0,2,2,-0.7469704447014553,1.0974754964746845,-0.43608024492259173,-0.43642206378845216,0.0,0.0,-0.43608024492259173,0.0,-0.43642206378845216,0.0,0.0,0.0,-0.3692744729379982,0.0
2023-02-01 00:25:00,0,118.99,0.353409546200085,0.0,0.0,0.0,-0.4658824299910614,-0.4658824299910614,-0.29488391230979427,-0.29488391230979427,0.6389134563817163,0.6389134563817163,-1.3274981692769245,-1.3274981692769245,-1.7422244250126484,-1.7422244250126484,-5.551115123125783e-17,-5.551115123125783e-17,0.2948839123097629,0.2948839123097629,1.1010113549032456,1.1829349161815867,-0.17521310767998244,-0.531892983076815,0.9748737343993807,1.7795130420052188,-0.5829717779701324,0,2,2,-0.7469704447014553,1.0857938005437306,-0.43558096230806403,-0.4359234308097643,0.0,0.0,-0.43558096230806403,0.0,-0.4359234308097643,0.0,0.0,0.0,-0.3692744729379982,0.0
2023-02-01 00:30:00,0,120.06018,0.481340887086772,0.0,0.0,0.0,-0.4658824299910614,-0.4658824299910614,-0.29488391230979427,-0.29488391230979427,-1.5795360449437545,-1.5795360449437545,-1.3274981692769245,-1.3274981692769245,-1.7422244250126484,-1.7422244250126484,-5.551115123125783e-17,-5.551115123125783e-17,0.2948839123097629,0.2948839123097629,1.0785807037243422,1.1829385130969212,-0.17521310767998244,-1.9293249896759512,0.9521574937596342,1.7795130420052188,-0.5858606030435477,0,2,2,-0.7469704447014553,1.0638679180719366,-0.4355330858929723,-0.43587561668852026,0.0,0.0,-0.4355330858929723,0.0,-0.43587561668852026,0.0,0.0,0.0,-0.3692744729379982,0.0
2023-02-01 00:35:00,0,128.00011,1.4304951335186111,0.0,0.0,0.0,-0.4658824299910614,-0.4658824299910614,-0.29488391230979427,-0.29488391230979427,-1.5795360449437545,-1.5795360449437545,0.7726238304117979,0.7726238304117979,0.26278409544754927,0.26278409544754927,-5.551115123125783e-17,-5.551115123125783e-17,0.2948839123097629,0.2948839123097629,1.0778644177443146,1.1829089670066761,-0.17521310767998244,0.8614244398013594,0.932571080452446,1.7795130420052188,-0.6823316389986185,0,2,2,-0.7469704447014553,1.063512404996962,-0.43592635644551125,-0.43626837554159625,0.0,0.0,-0.43592635644551125,0.0,-0.43626837554159625,0.0,0.0,0.0,-0.3692744729379982,0.0
2023-02-01 00:40:00,0,120.06018,0.481340887086772,0.0,0.0,0.0,-0.4658824299910614,-0.4658824299910614,-0.29488391230979427,-0.29488391230979427,-1.5795360449437545,-1.5795360449437545,0.7726238304117979,0.7726238304117979,0.6467218972377997,0.6467218972377997,-5.551115123125783e-17,-5.551115123125783e-17,0.2948839123097629,0.2948839123097629,1.0596341609808984,1.182850645593757,-0.17521310767998244,-1.3891257757658533,0.9135421916700992,1.7795130420052188,-0.6875590367505128,0,2,2,-0.7469704447014553,1.0449445753746553,-0.43670263831878386,-0.43704364736462464,0.0,0.0,-0.43670263831878386,0.0,-0.43704364736462464,0.0,0.0,0.0,-0.3692744729379982,0.0
2023-02-01 00:45:00,0,120.0,0.47414685608772406,0.0,0.0,0.0,-0.4658824299910614,-0.4658824299910614,-0.29488391230979427,-0.29488391230979427,0.6389134563817163,0.6389134563817163,0.7726238304117979,0.7726238304117979,0.6467218972377997,0.6467218972377997,-5.551115123125783e-17,-5.551115123125783e-17,0.2948839123097629,0.2948839123097629,1.0419333329853286,1.1827707426888332,-0.17521310767998244,-1.321328703119479,0.8738579804915575,1.7795130420052188,-0.8010289413348639,0,2,2,-0.7469704447014553,1.0277176483286108,-0.4377661786826064,-0.438105803915117,0.0,0.0,-0.4377661786826064,0.0,-0.438105803915117,0.0,0.0,0.0,-0.3692744729379982,0.0
2023-02-01 00:50:00,0,118.98992,0.3533999828488072,0.0,0.0,0.0,-0.4658824299910614,-0.4658824299910614,-0.29488391230979427,-0.29488391230979427,0.6389134563817163,0.6389134563817163,0.7726238304117979,0.7726238304117979,0.6467218972377997,0.6467218972377997,-5.551115123125783e-17,-5.551115123125783e-17,0.2948839123097629,0.2948839123097629,1.0232047903227626,1.1826720844396665,-0.17521310767998244,-1.4538083927139076,0.8351465534839461,1.7795130420052188,-0.9043388284841423,0,2,2,-0.7469704447014553,1.0099265374896718,-0.43907936035369294,-0.43941727695495336,0.0,0.0,-0.43907936035369294,0.0,-0.43941727695495336,0.0,0.0,0.0,-0.3692744729379982,0.0
2023-02-01 00:55:00,0,118.0,0.23506307413200442,0.0,0.0,0.0,-0.4658824299910614,-0.4658824299910614,-0.29488391230979427,-0.29488391230979427,0.6389134563817163,0.6389134563817163,0.7726238304117979,0.7726238304117979,0.6467218972377997,0.6467218972377997,-5.551115123125783e-17,-5.551115123125783e-17,0.2948839123097629,0.2948839123097629,1.0036470687811432,1.1825569831489722,-0.17521310767998244,-1.560038098834638,0.8023295064527616,1.7795130420052188,-0.9733365484348968,0,2,2,-0.7469704447014553,0.990551074903564,-0.4406114056366271,-0.4409473288347623,0.0,0.0,-0.4406114056366271,0.0,-0.4409473288347623,0.0,0.0,0.0,-0.3692744729379982,0.0
2023-02-01 01:00:00,0,109.04014,-0.8360155331648835,0.0,0.0,0.0,-0.08854311016405729,-0.08854311016405729,3.391164991562634,3.391164991562634,-1.5795360449437545,-1.5795360449437545,0.7726238304117979,0.7726238304117979,0.26278409544754927,0.26278409544754927,-5.551115123125783e-17,-5.551115123125783e-17,-3.391164991562666,-3.391164991562666,0.9796047741471778,1.1824277511194647,-0.17521310767998244,-2.1360002698164844,0.7556127962677717,1.7795130420052188,-1.09075647914004,1,2,2,-0.7469704447014553,0.968783627606487,-0.4423315368359929,-0.4426652219051729,0.0,0.0,-0.4423315368359929,0.0,-0.4426652219051729,0.0,0.0,0.0,-0.3692744729379982,0.0
2023-02-01 01:05:00,0,118.99,0.353409546200085,0.0,0.0,0.0,-0.4658824299910614,-0.4658824299910614,-0.29488391230979427,-0.29488391230979427,-1.4316394115220599,-1.4316394115220599,0.7726238304117979,0.7726238304117979,0.26278409544754927,0.26278409544754927,-5.551115123125783e-17,-5.551115123125783e-17,0.2948839123097629,0.2948839123097629,0.9683466271132679,1.182323697497297,-0.17521310767998244,-0.49334377640122046,0.7267138008973698,1.7795130420052188,-1.18162673178951,1,2,2,-0.7469704447014553,0.9578631933686848,-0.44371653312971704,-0.44404841612687534,0.0,0.0,-0.44371653312971704,0.0,-0.44404841612687534,0.0,0.0,0.0,-0.3692744729379982,0.0
2023-02-01 00:10:00,1,134.62535,2.222488851300766,0.0,0.0,0.0,-0.4658824299910614,-0.4658824299910614,-0.29488391230979427,-0.29488391230979427,0.6389134563817163,0.6389134563817163,0.21996014628318694,0.21996014628318694,-1.7422244250126484,-1.7422244250126484,-5.551115123125783e-17,-5.551115123125783e-17,0.2948839123097629,0.2948839123097629,0.8962820289487659,0.536278651251512,-1.0219679031594515,0.21344104364929709,0.8962743113869063,-0.5619514869490164,0.058642166396767025,0,2,2,0.780649798695203,0.899750867698186,-1.0508989082983273,-1.0504407629211914,0.0,0.0,-1.0508989082983273,0.0,-1.0504407629211914,0.0,0.0,0.0,-0.3692744729379982,0.0
2023-02-01 00:15:00,1,127.98578,1.4287820982208983,0.0,0.0,0.0,-0.4658824299910614,-0.4658824299910614,-0.29488391230979427,-0.29488391230979427,-1.5795360449437545,-1.5795360449437545,-1.3274981692769245,-1.3274981692769245,-1.7422244250126484,-1.7422244250126484,-5.551115123125783e-17,-5.551115123125783e-17,0.2948839123097629,0.2948839123097629,0.8805470945396843,0.537606940699927,-1.0219679031594515,-1.0684814296335348,0.867590635832995,-0.5619514869490164,-0.008527929527949254,0,2,2,0.780649798695203,0.8844831268370549,-1.0332188321537517,-1.0327836910046453,0.0,0.0,-1.0332188321537517,0.0,-1.0327836910046453,0.0,0.0,0.0,-0.3692744729379982,0.0
2023-02-01 00:20:00,1,128.00139,1.4306481471390604,0.0,0.0,0.0,-0.4658824299910614,-0.4658824299910614,-0.29488391230979427,-0.29488391230979427,0.6389134563817163,0.6389134563817163,-1.3274981692769245,-1.3274981692769245,0.26278409544754927,0.26278409544754927,-5.551115123125783e-17,-5.551115123125783e-17,0.2948839123097629,0.2948839123097629,0.8719360913450064,0.5381544425982967,-1.0219679031594515,-0.1530746070132212,0.8520414690850031,-0.5619514869490164,-0.04453015765377731,0,2,2,0.780649798695203,0.8761556194830337,-1.0259313578280085,-1.0255056986924287,0.0,0.0,-1.0259313578280085,0.0,-1.0255056986924287,0.0,0.0,0.0,-0.3692744729379982,0.0
2023-02-01 00:25:00,1,125.96676,1.1874246294987783,0.0,0.0,0.0,-0.4658824299910614,-0.4658824299910614,-0.29488391230979427,-0.29488391230979427,0.6389134563817163,0.6389134563817163,-1.3274981692769245,-1.3274981692769245,-1.7422244250126484,-1.7422244250126484,-5.551115123125783e-17,-5.551115123125783e-17,0.2948839123097629,0.2948839123097629,0.8527520842277492,0.5387887843097349,-1.0219679031594515,-1.5121210096698308,0.8472236881910286,-0.5619514869490164,0.027690469181603724,0,2,2,0.780649798695203,0.8566835500830745,-1.0174880100521948,-1.017073336881606,0.0,0.0,-1.0174880100521948,0.0,-1.017073336881606,0.0,0.0,0.0,-0.3692744729379982,0.0
2023-02-01 00:30:00,1,127.18069,1.3325401172135323,0.0,0.0,0.0,-0.4658824299910614,-0.4658824299910614,-0.29488391230979427,-0.29488391230979427,-1.5795360449437545,-1.5795360449437545,-1.3274981692769245,-1.3274981692769245,-1.7422244250126484,-1.7422244250126484,-5.551115123125783e-17,-5.551115123125783e-17,0.2948839123097629,0.2948839123097629,0.8534527987734284,0.5394945504828098,-1.0219679031594515,1.043522286733172,0.8450589550359545,-0.5619514869490164,0.013108780715793456,0,2,2,0.780649798695203,0.8574718616841048,-1.0080939734624175,-1.0076915232346522,0.0,0.0,-1.0080939734624175,0.0,-1.0076915232346522,0.0,0.0,0.0,-0.3692744729379982,0.0
2023-02-01 00:35:00,1,135.58507,2.337215594910038,0.0,0.0,0.0,-0.4658824299910614,-0.4658824299910614,-0.29488391230979427,-0.29488391230979427,-1.5795360449437545,-1.5795360449437545,0.7726238304117979,0.7726238304117979,0.26278409544754927,0.26278409544754927,-5.551115123125783e-17,-5.551115123125783e-17,0.2948839123097629,0.2948839123097629,0.8450714742353893,0.5401450783132519,-1.0219679031594515,-0.12345600824365344,0.8460355842036078,-0.5619514869490164,0.06039118293781435,0,2,2,0.780649798695203,0.8489009051591772,-0.9994351818186908,-0.9990439978782314,0.0,0.0,-0.9994351818186908,0.0,-0.9990439978782314,0.0,0.0,0.0,-0.3692744729379982,0.0
2023-02-01 00:40:00,1,126.29732,1.2269403969804202,0.0,0.0,0.0,-0.4658824299910614,-0.4658824299910614,-0.29488391230979427,-0.29488391230979427,-1.5795360449437545,-1.5795360449437545,0.7726238304117979,0.7726238304117979,0.6467218972377997,0.6467218972377997,-5.551115123125783e-17,-5.551115123125783e-17,0.2948839123097629,0.2948839123097629,0.840446758233908,0.540694635591813,-1.0219679031594515,0.3594812484641711,0.8468545685056162,-0.5619514869490164,0.0879234545558739,0,2,2,0.780649798695203,0.8441671712804412,-0.9921203495414669,-0.9917386832110181,0.0,0.0,-0.9921203495414669,0.0,-0.9917386832110181,0.0,0.0,0.0,-0.3692744729379982,0.0
2023-02-01 00:45:00,1,125.33823,1.1122889647624643,0.0,0.0,0.0,-0.4658824299910614,-0.4658824299910614,-0.29488391230979427,-0.29488391230979427,0.6389134563817163,0.6389134563817163,0.7726238304117979,0.7726238304117979,0.6467218972377997,0.6467218972377997,-5.551115123125783e-17,-5.551115123125783e-17,0.2948839123097629,0.2948839123097629,0.828118075088544,0.5412444497928975,-1.0219679031594515,-0.6309126617166633,0.8476773978043479,-0.5619514869490164,0.15436643124442445,0,2,2,0.780649798695203,0.8316237425699295,-0.9848020975203079,-0.9844299532494304,0.0,0.0,-0.9848020975203079,0.0,-0.9844299532494304,0.0,0.0,0.0,-0.3692744729379982,0.0
2023-02-01 00:50:00,1,124.30472,0.9887412250179373,0.0,0.0,0.0,-0.4658824299910614,-0.4658824299910614,-0.29488391230979427,-0.29488391230979427,0.6389134563817163,0.6389134563817163,0.7726238304117979,0.7726238304117979,0.6467218972377997,0.6467218972377997,-5.551115123125783e-17,-5.551115123125783e-17,0.2948839123097629,0.2948839123097629,0.8204880722578165,0.54179477783903,-1.0219679031594515,-0.02708699406801398,0.8485040720998023,-0.5619514869490164,0.19708959933697368,0,2,2,0.780649798695203,0.823879740371573,-0.9774770060112786,-0.9771143926990934,0.0,0.0,-0.9774770060112786,0.0,-0.9771143926990934,0.0,0.0,0.0,-0.3692744729379982,0.0
2023-02-01 00:55:00,1,122.42473,0.7640036653984698,0.0,0.0,0.0,-0.4658824299910614,-0.4658824299910614,-0.29488391230979427,-0.29488391230979427,0.6389134563817163,0.6389134563817163,0.7726238304117979,0.7726238304117979,0.6467218972377997,0.6467218972377997,-5.551115123125783e-17,-5.551115123125783e-17,0.2948839123097629,0.2948839123097629,0.8116123546792153,0.5423453628076863,-1.0219679031594515,-0.1871910301567487,0.849326901398534,-0.5619514869490164,0.2461210181000419,0,2,2,0.780649798695203,0.81489530668336,-0.9701484947583143,-0.969795416854382,0.0,0.0,-0.9701484947583143,0.0,-0.969795416854382,0.0,0.0,0.0,-0.3692744729379982,0.0
2023-02-01 01:00:00,1,113.16345,-0.3431072586769639,0.0,0.0,0.0,-0.08854311016405729,-0.08854311016405729,3.391164991562634,3.391164991562634,-1.5795360449437545,-1.5795360449437545,0.7726238304117979,0.7726238304117979,0.26278409544754927,0.26278409544754927,-5.551115123125783e-17,-5.551115123125783e-17,-3.391164991562666,-3.391164991562666,0.8119938548207518,0.5428962046988666,-1.0219679031594515,1.0027061565605349,0.8501497306972653,-0.5619514869490164,0.24840063516477773,1,2,2,0.780649798695203,0.8152662768485507,-0.9628165637614149,-0.9624730257152959,0.0,0.0,-0.9628165637614149,0.0,-0.9624730257152959,0.0,0.0,0.0,-0.3692744729379982,0.0
2023-02-01 01:05:00,1,122.61314,0.7865265530776089,0.0,0.0,0.0,-0.4658824299910614,-0.4658824299910614,-0.29488391230979427,-0.29488391230979427,-1.4316394115220599,-1.4316394115220599,0.7726238304117979,0.7726238304117979,0.26278409544754927,0.26278409544754927,-5.551115123125783e-17,-5.551115123125783e-17,0.2948839123097629,0.2948839123097629,0.8003386362109569,0.5437622905268368,-1.0219679031594515,-0.5443608121534641,0.8514454945929315,-0.5619514869490164,0.31386101829094215,1,2,2,0.780649798695203,0.8034995669214072,-0.9512886069561217,-0.9509600683786077,0.0,0.0,-0.9512886069561217,0.0,-0.9509600683786077,0.0,0.0,0.0,-0.3692744729379982,0.0
2023-02-01 00:10:00,2,121.72249,0.680056567878177,0.0,0.0,0.0,-0.4658824299910614,-0.4658824299910614,-0.29488391230979427,-0.29488391230979427,0.6389134563817163,0.6389134563817163,0.21996014628318694,0.21996014628318694,-1.7422244250126484,-1.7422244250126484,-5.551115123125783e-17,-5.551115123125783e-17,0.2948839123097629,0.2948839123097629,-1.112654894937279,-1.1444905153382783,1.37174276867674,0.6660967853144172,-1.132930399193241,-0.5619514869490164,-0.1711864678453503,0,2,2,-1.1700310667179001,-1.128751382401702,1.438914058545246,1.436412085913381,0.0,0.0,1.438914058545246,0.0,1.436412085913381,0.0,0.0,0.0,-0.3692744729379982,0.0
2023-02-01 00:15:00,2,115.52079,-0.06130637739921486,0.0,0.0,0.0,-0.4658824299910614,-0.4658824299910614,-0.29488391230979427,-0.29488391230979427,-1.5795360449437545,-1.5795360449437545,-1.3274981692769245,-1.3274981692769245,-1.7422244250126484,-1.7422244250126484,-5.551115123125783e-17,-5.551115123125783e-17,0.2948839123097629,0.2948839123097629,-1.1147181099884451,-1.1445675920954395,1.37174276867674,0.688811048559998,-1.1426044109484208,-0.5619514869490164,-0.21023473601457537,0,2,2,-1.1700310667179001,-1.130683518678737,1.4378881353647093,1.4358656388134492,0.0,0.0,1.4378881353647093,0.0,1.4358656388134492,0.0,0.0,0.0,-0.3692744729379982,0.0
2023-02-01 00:20:00,2,114.50308,-0.18296535526629357,0.0,0.0,0.0,-0.4658824299910614,-0.4658824299910614,-0.29488391230979427,-0.29488391230979427,0.6389134563817163,0.6389134563817163,-1.3274981692769245,-1.3274981692769245,0.26278409544754927,0.26278409544754927,-5.551115123125783e-17,-5.551115123125783e-17,0.2948839123097629,0.2948839123097629,-1.114831002887471,-1.1452486937062223,1.37174276867674,0.938769007723404,-1.1436002650996893,-0.5619514869490164,-0.21473501453030386,0,2,2,-1.1700310667179001,-1.1307878540376968,1.4288223941927036,1.4270166110889286,0.0,0.0,1.4288223941927036,0.0,1.4270166110889286,0.0,0.0,0.0,-0.3692744729379982,0.0
2023-02-01 00:25:00,2,113.46204,-0.3074132454498842,0.0,0.0,0.0,-0.4658824299910614,-0.4658824299910614,-0.29488391230979427,-0.29488391230979427,0.6389134563817163,0.6389134563817163,-1.3274981692769245,-1.3274981692769245,-1.7422244250126484,-1.7422244250126484,-5.551115123125783e-17,-5.551115123125783e-17,0.2948839123097629,0.2948839123097629,-1.116076717635345,-1.1457679341269666,1.37174276867674,0.7937529460112546,-1.1443577294541292,-0.5619514869490164,-0.212317834366834,0,2,2,-1.1700310667179001,-1.1320282855275532,1.421911091699824,1.4203021423485167,0.0,0.0,1.421911091699824,0.0,1.4203021423485167,0.0,0.0,0.0,-0.3692744729379982,0.0
2023-02-01 00:30:00,2,114.51615,-0.18140294275121305,0.0,0.0,0.0,-0.4658824299910614,-0.4658824299910614,-0.29488391230979427,-0.29488391230979427,-1.5795360449437545,-1.5795360449437545,-1.3274981692769245,-1.3274981692769245,-1.7422244250126484,-1.7422244250126484,-5.551115123125783e-17,-5.551115123125783e-17,0.2948839123097629,0.2948839123097629,-1.1158158961100089,-1.1462499207817494,1.37174276867674,0.9868532018204584,-1.1450575188577232,-0.5619514869490164,-0.21721115030751695,0,2,2,-1.1700310667179001,-1.1317616507213226,1.4154956520775368,1.4140726454092944,0.0,0.0,1.4154956520775368,0.0,1.4140726454092944,0.0,0.0,0.0,-0.3692744729379982,0.0
2023-02-01 00:35:00,2,120.98571,0.59198049344351,0.0,0.0,0.0,-0.4658824299910614,-0.4658824299910614,-0.29488391230979427,-0.29488391230979427,-1.5795360449437545,-1.5795360449437545,0.7726238304117979,0.7726238304117979,0.26278409544754927,0.26278409544754927,-5.551115123125783e-17,-5.551115123125783e-17,0.2948839123097629,0.2948839123097629,-1.1125653591897755,-1.146843411811892,1.37174276867674,1.3713741587755308,-1.1363178413062434,-0.5619514869490164,-0.18895175945329168,0,2,2,-1.1700310667179001,-1.1285929472269849,1.4075960435874073,1.406343834239634,0.0,0.0,1.4075960435874073,0.0,1.406343834239634,0.0,0.0,0.0,-0.3692744729379982,0.0
2023-02-01 00:40:00,2,115.09853,-0.11178413628352697,0.0,0.0,0.0,-0.4658824299910614,-0.4658824299910614,-0.29488391230979427,-0.29488391230979427,-1.5795360449437545,-1.5795360449437545,0.7726238304117979,0.7726238304117979,0.6467218972377997,0.6467218972377997,-5.551115123125783e-17,-5.551115123125783e-17,0.2948839123097629,0.2948839123097629,-1.11301693078588,-1.147548664139919,1.37174276867674,0.8956849534253876,-1.1469684822290762,-0.5619514869490164,-0.2411078257447478,0,2,2,-1.1700310667179001,-1.128925274666635,1.3982088464855,1.3971054629564117,0.0,0.0,1.3982088464855,0.0,1.3971054629564117,0.0,0.0,0.0,-0.3692744729379982,0.0
2023-02-01 00:45:00,2,113.95947,-0.24794952262076808,0.0,0.0,0.0,-0.4658824299910614,-0.4658824299910614,-0.29488391230979427,-0.29488391230979427,0.6389134563817163,0.6389134563817163,0.7726238304117979,0.7726238304117979,0.6467218972377997,0.6467218972377997,-5.551115123125783e-17,-5.551115123125783e-17,0.2948839123097629,0.2948839123097629,-1.1139862525740691,-1.1483186609439615,1.37174276867674,0.829080129442322,-1.1481066012590975,-0.5619514869490164,-0.24203146369339076,0,2,2,-1.1700310667179001,-1.1298836142600444,1.3879598739119425,1.3869996069020483,0.0,0.0,1.3879598739119425,0.0,1.3869996069020483,0.0,0.0,0.0,-0.3692744729379982,0.0
2023-02-01 00:50:00,2,111.90527,-0.4935124750674871,0.0,0.0,0.0,-0.4658824299910614,-0.4658824299910614,-0.29488391230979427,-0.29488391230979427,0.6389134563817163,0.6389134563817163,0.7726238304117979,0.7726238304117979,0.6467218972377997,0.6467218972377997,-5.551115123125783e-17,-5.551115123125783e-17,0.2948839123097629,0.2948839123097629,-1.1176299682116,-1.1490961085011961,1.37174276867674,0.4848129495345995,-1.1492562552792878,-0.5619514869490164,-0.22951322170859137,0,2,2,-1.1700310667179001,-1.1335353518236406,1.377611728764266,1.3767844614276983,0.0,0.0,1.377611728764266,0.0,1.3767844614276983,0.0,0.0,0.0,-0.3692744729379982,0.0
2023-02-01 00:55:00,2,111.01839,-0.599531787337932,0.0,0.0,0.0,-0.4658824299910614,-0.4658824299910614,-0.29488391230979427,-0.29488391230979427,0.6389134563817163,0.6389134563817163,0.7726238304117979,0.7726238304117979,0.6467218972377997,0.6467218972377997,-5.551115123125783e-17,-5.551115123125783e-17,0.2948839123097629,0.2948839123097629,-1.1194090045859075,-1.1498324484546114,1.37174276867674,0.7253084668309643,-1.1503443893519092,-0.5619514869490164,-0.22611344798273536,0,2,2,-1.1700310667179001,-1.135305188653405,1.3678107426462092,1.3671089324645307,0.0,0.0,1.3678107426462092,0.0,1.3671089324645307,0.0,0.0,0.0,-0.3692744729379982,0.0
2023-02-01 01:00:00,2,101.08699,-1.7867501233954488,0.0,0.0,0.0,-0.08854311016405729,-0.08854311016405729,3.391164991562634,3.391164991562634,-1.5795360449437545,-1.5795360449437545,0.7726238304117979,0.7726238304117979,0.26278409544754927,0.26278409544754927,-5.551115123125783e-17,-5.551115123125783e-17,-3.391164991562666,-3.391164991562666,-1.1223987199808045,-1.1505317915645892,1.37174276867674,0.569314011321507,-1.1513786934704082,-0.5619514869490164,-0.2163071642301217,1,2,2,-1.1700310667179001,-1.138296135610255,1.35850219965481,1.357918375302553,0.0,0.0,1.35850219965481,0.0,1.357918375302553,0.0,0.0,0.0,-0.3692744729379982,0.0
2023-02-01 01:05:00,2,110.28452,-0.6872599948698536,0.0,0.0,0.0,-0.4658824299910614,-0.4658824299910614,-0.29488391230979427,-0.29488391230979427,-1.4316394115220599,-1.4316394115220599,0.7726238304117979,0.7726238304117979,0.26278409544754927,0.26278409544754927,-5.551115123125783e-17,-5.551115123125783e-17,0.2948839123097629,0.2948839123097629,-1.1259918284567034,-1.1509523737361669,1.37174276867674,0.49155768483886547,-1.1527667372874273,-0.5619514869490164,-0.2052431607176538,1,2,2,-1.1700310667179001,-1.1418899090855403,1.3460645909627744,1.3456062390822146,0.0,0.0,1.3460645909627744,0.0,1.3456062390822146,0.0,0.0,0.0,-0.3692744729379982,0.0
2023-02-01 00:10:00,3,123.32072,0.8711120042957221,0.0,0.0,0.0,2.2807968050287593,2.2807968050287593,-0.29488391230979427,-0.29488391230979427,0.6389134563817163,0.6389134563817163,0.7726238304117979,0.7726238304117979,0.8600206760101614,0.8600206760101614,-5.551115123125783e-17,-5.551115123125783e-17,0.2948839123097629,0.2948839123097629,-1.241181514049163,-1.246443538951008,-1.0219679031594515,0.9161057765230005,-1.3213006336519109,-0.5619514869490164,-0.485125111027721,0,2,2,0.22125071973559124,-1.232746859269102,-0.8038360879615729,-0.8036994055357373,0.0,0.0,-0.8038360879615729,0.0,-0.8036994055357373,0.0,0.0,0.0,-0.3692744729379982,0.0
2023-02-01 00:15:00,3,116.50478,0.056321647904088425,0.0,0.0,0.0,2.2807968050287593,2.2807968050287593,-0.29488391230979427,-0.29488391230979427,-1.5795360449437545,-1.5795360449437545,0.7726238304117979,0.7726238304117979,0.8600206760101614,0.8600206760101614,-5.551115123125783e-17,-5.551115123125783e-17,0.2948839123097629,0.2948839123097629,-1.240212192260974,-1.2463189315269305,-1.0219679031594515,1.07819055640445,-1.321112228812482,-0.5619514869490164,-0.48905548527726556,0,2,2,0.22125071973559124,-1.2317846554031386,-0.8021775121530392,-0.8020429877640691,0.0,0.0,-0.8021775121530392,0.0,-0.8020429877640691,0.0,0.0,0.0,-0.3692744729379982,0.0
2023-02-01 00:20:00,3,116.15137,0.014074348213603378,0.0,0.0,0.0,2.2807968050287593,2.2807968050287593,-0.29488391230979427,-0.29488391230979427,0.6389134563817163,0.6389134563817163,0.7726238304117979,0.7726238304117979,0.8600206760101614,0.8600206760101614,-5.551115123125783e-17,-5.551115123125783e-17,0.2948839123097629,0.2948839123097629,-1.2382891201189437,-1.2461254688664554,-1.0219679031594515,1.2007445132118946,-1.3208238540582535,-0.5619514869490164,-0.4972896193300614,0,2,2,0.22125071973559124,-1.2298757047614282,-0.7996024449698931,-0.799471271100015,0.0,0.0,-0.7996024449698931,0.0,-0.799471271100015,0.0,0.0,0.0,-0.3692744729379982,0.0
2023-02-01 00:25:00,3,114.15615,-0.22443802350324252,0.0,0.0,0.0,2.2807968050287593,2.2807968050287593,-0.29488391230979427,-0.29488391230979427,0.6389134563817163,0.6389134563817163,0.7726238304117979,0.7726238304117979,0.8600206760101614,0.8600206760101614,-5.551115123125783e-17,-5.551115123125783e-17,0.2948839123097629,0.2948839123097629,-1.2408545139278464,-1.2459738845773711,-1.0219679031594515,0.6237842154640811,-1.3205969992515938,-0.5619514869490164,-0.48317957577419646,0,2,2,0.22125071973559124,-1.2324222603745603,-0.7975847960481717,-0.7974562474190166,0.0,0.0,-0.7975847960481717,0.0,-0.7974562474190166,0.0,0.0,0.0,-0.3692744729379982,0.0
